xlong,ylat
-101.4083,32.2142
-101.35889,32.1759
-101.42149,32.2152
-101.36119,32.16719
-100.51762,33.01464
-100.52744,33.07086
-100.52064,33.03036
-100.56281,33.00883
-100.53799,33.08588
-100.49732,33.03795
-100.55681,32.89385
-100.5651,32.89236
-100.56575,32.89686
-100.57878,32.90409
-100.57687,32.88889
-100.53352,33.02515
-100.54147,32.99033
-100.52293,33.05171
-100.55832,33.03214
-100.5686,32.89082
-100.50671,33.04271
-100.52367,33.03871
-100.57236,32.8898
-100.53662,32.98877
-100.54065,33.09126
-100.5603,32.89323
-100.60146,32.87976
-100.58066,33.00531
-100.54122,33.03074
-100.49898,33.04936
-100.5874,32.87516
-100.52808,33.05191
-100.52942,33.03648
-100.57116,32.91568
-100.53845,33.03853
-100.59049,33.00243
-100.5946,32.87386
-100.505,33.00221
-100.53359,33.03643
-100.56422,32.91092
-100.499,33.00184
-100.5881,32.89581
-100.55611,33.01964
-100.5071,33.05494
-100.59412,32.90086
-100.52546,33.02178
-100.58898,32.88286
-100.57781,32.91018
-100.57259,33.00726
-100.55407,33.03184
-100.51255,33.00785
-100.53223,33.06864
-100.5514,33.02129
-100.58538,33.00439
-100.58295,32.90431
-100.52039,33.07149
-100.58499,32.89265
-100.54499,33.08201
-100.5192,33.02145
-100.57022,32.89464
-100.57375,32.90838
-100.58606,32.90645
-100.58901,32.90821
-100.51813,33.05258
-100.57486,32.91821
-100.57402,32.90321
-100.54694,33.02787
-100.5816,32.88803
-100.56403,32.98405
-100.5294,32.96099
-100.59956,32.87219
-100.51564,33.03854
-100.54704,32.99675
-100.52813,33.02889
-100.50873,33.01292
-100.54548,33.09148
-100.56799,32.91327
-100.59841,32.89005
-100.53332,32.96473
-100.59158,32.89856
-100.56976,32.98749
-100.54961,33.03352
-100.53368,33.04452
-100.54331,33.04118
-100.51244,33.05536
-100.51517,33.0123
-100.51091,33.04374
-100.56841,33.00704
-100.59386,32.88686
-100.52982,33.05947
-100.60215,32.8946
-100.5562,32.99262
-100.5025,33.04059
-100.53255,32.9761
-100.49897,33.0593
-100.56061,32.91028
-100.49427,33.03181
-100.56276,32.99558
-100.5438,33.05064
-100.54948,33.08141
-101.03733,32.89556
-101.04134,32.89563
-100.98238,32.87596
-100.98441,32.93955
-100.97148,32.9037
-101.01791,32.90577
-100.94024,32.88164
-101.01855,32.91614
-100.96761,32.90452
-101.0323,32.90742
-100.95278,32.84934
-100.96608,32.89199
-101.03948,32.90556
-100.99365,32.91711
-100.96054,32.85076
-101.01589,32.92489
-100.97738,32.88876
-100.98051,32.939
-100.98901,32.89021
-101.00407,32.92078
-100.97239,32.87886
-100.97308,32.88908
-100.99015,32.87572
-100.96243,32.89323
-101.04414,32.90523
-100.97238,32.92234
-100.97623,32.93598
-101.00261,32.87671
-101.01435,32.89235
-100.94185,32.89902
-100.98509,32.88966
-100.96065,32.88151
-100.97222,32.84913
-100.99155,32.85946
-100.98627,32.87582
-101.01299,32.88123
-101.01276,32.92209
-101.00745,32.89984
-100.99763,32.91722
-100.99714,32.85951
-100.99524,32.9417
-100.98074,32.90414
-100.99345,32.89058
-100.9876,32.85933
-100.95322,32.89611
-100.98389,32.86139
-101.02573,32.90257
-100.94894,32.90727
-100.97324,32.86629
-101.02978,32.88414
-100.96788,32.92222
-100.96858,32.87843
-100.96838,32.86588
-100.97714,32.90326
-100.99703,32.89035
-101.00077,32.89029
-100.98793,32.90592
-100.95131,32.86426
-101.02397,32.91259
-101.00922,32.92171
-101.01872,32.88121
-101.01402,32.90599
-100.99144,32.94153
-100.95647,32.90717
-100.96442,32.85054
-100.95535,32.8652
-100.94555,32.89691
-100.96391,32.90597
-100.94943,32.89632
-101.04857,32.90463
-100.93641,32.88242
-100.95885,32.89404
-101.04512,32.88586
-101.00656,32.87523
-101.00449,32.88942
-101.00104,32.85955
-100.96024,32.90682
-100.9812,32.88907
-100.95559,32.88186
-100.96447,32.86501
-101.02161,32.90313
-100.98434,32.90503
-101.03336,32.89553
-100.96834,32.84995
-100.95171,32.88322
-101.02219,32.88287
-100.94438,32.88099
-101.04144,32.88408
-100.94537,32.90782
-101.01796,32.89324
-100.98741,32.94167
-100.97791,32.86523
-101.03596,32.90759
-100.92928,32.8774
-100.93247,32.88055
-101.0376,32.88419
-101.02938,32.89597
-100.99145,32.90683
-100.94788,32.88242
-100.94103,32.91062
-100.99825,32.87782
-101.04897,32.88602
-101.02586,32.88412
-100.95271,32.90727
-101.02806,32.91134
-100.95931,32.86741
-100.95675,32.85074
-101.02016,32.92854
-100.99439,32.87777
-101.03369,32.88417
-101.82389,33.58089
-100.16409,29.21359
-100.14316,29.21355
-100.21279,29.1778
-100.22959,29.1629
-101.41539,32.2156
-100.2068,29.1915
-100.14089,29.2145
-100.17969,29.18139
-100.1769,29.2014
-100.17001,29.2102
-100.193,29.19594
-100.18578,29.17819
-100.21169,29.1794
-100.19949,29.196
-100.19348,29.19065
-100.20488,29.19263
-100.1974,29.18609
-100.18414,29.1795
-100.20116,29.19494
-100.21107,29.18908
-100.19869,29.1846
-100.22759,29.1638
-100.19614,29.18767
-100.22199,29.1696
-100.22559,29.16489
-100.2011,29.1838
-100.20619,29.1828
-100.19611,29.19581
-100.16589,29.2124
-100.1711,29.18432
-100.17883,29.20026
-100.17395,29.18327
-100.17688,29.20406
-100.14569,29.2128
-100.19409,29.1887
-100.20351,29.18324
-100.22299,29.16789
-100.20889,29.19051
-100.18203,29.18049
-100.16765,29.21103
-100.21909,29.1724
-100.21063,29.18114
-100.17679,29.2061
-100.22059,29.1711
-100.22399,29.1661
-100.1825,29.1982
-100.2161,29.1752
-100.18089,29.1995
-100.20329,29.1939
-100.21447,29.17638
-100.20879,29.1823
-100.13879,29.21569
-100.16232,29.21487
-100.21749,29.1737
-100.16059,29.21619
-100.15817,29.21703
-97.161,33.2012
-97.16089,33.2021
-97.16089,33.20009
-101.81791,31.18605
-101.82633,31.14626
-101.83432,31.16805
-101.82646,31.16979
-101.80737,31.17894
-101.87139,31.14795
-101.85746,31.16272
-101.87174,31.17757
-101.83651,31.16392
-101.82196,31.1853
-101.81159,31.17893
-101.86314,31.16694
-101.83199,31.14037
-101.86862,31.16741
-101.84943,31.16814
-101.81868,31.14247
-101.80152,31.1439
-101.79229,31.13862
-101.84021,31.17503
-101.82311,31.17851
-101.81708,31.15428
-101.80513,31.18298
-101.79464,31.1812
-101.81272,31.15388
-101.86536,31.15476
-101.85524,31.1554
-101.83028,31.16863
-101.83627,31.17646
-101.84554,31.15374
-101.82668,31.12967
-101.8382,31.15816
-101.80058,31.18126
-101.82536,31.15155
-101.82191,31.12752
-101.80673,31.1711
-101.79771,31.17481
-101.86893,31.15187
-101.8317,31.15658
-101.86791,31.1754
-101.80478,31.14259
-101.85992,31.15833
-101.83265,31.17766
-101.84633,31.17012
-101.81404,31.14528
-101.87334,31.15996
-101.78684,31.18284
-101.78848,31.14004
-101.82124,31.15315
-101.84071,31.15494
-101.80855,31.15442
-101.80267,31.17671
-101.83636,31.14043
-101.86376,31.17666
-101.79098,31.18263
-101.81368,31.16818
-101.84187,31.16992
-101.85871,31.17656
-101.82849,31.14236
-101.85374,31.1651
-101.85887,31.16993
-100.54644,31.81043
-100.57288,31.81218
-100.52296,31.77587
-100.51065,31.7622
-100.52634,31.77403
-100.6078,31.78282
-100.65748,31.81443
-100.68314,31.79285
-100.72501,31.79004
-100.55505,31.7907
-100.55238,31.81581
-100.71034,31.85682
-100.71752,31.86653
-100.69538,31.78596
-100.53787,31.793
-100.69058,31.78779
-100.71088,31.84133
-100.62019,31.79331
-100.70589,31.83129
-100.67104,31.81247
-100.70161,31.84601
-100.72347,31.83765
-100.62792,31.79669
-100.61581,31.80696
-100.52596,31.78995
-100.60491,31.80399
-100.70209,31.82034
-100.68825,31.81084
-100.65511,31.79909
-100.67464,31.84036
-100.6446,31.7831
-100.58165,31.80358
-100.62853,31.81598
-100.62057,31.81226
-100.55088,31.79014
-100.54427,31.79805
-100.57121,31.8091
-100.64204,31.80037
-100.53143,31.77706
-100.67485,31.83274
-100.75454,31.80533
-100.72102,31.86802
-100.74008,31.86778
-100.56718,31.79293
-100.50694,31.77004
-100.68943,31.83371
-100.63641,31.78307
-100.53671,31.77787
-100.54367,31.7851
-100.52391,31.7572
-100.68373,31.81086
-100.62756,31.78398
-100.61554,31.78311
-100.6708,31.79923
-100.68621,31.78812
-100.52315,31.79256
-100.74295,31.80703
-100.73623,31.85012
-100.54705,31.7888
-100.61108,31.80887
-100.55989,31.81914
-100.559,31.79261
-100.66518,31.81921
-100.7104,31.78357
-100.70643,31.7854
-100.58558,31.80348
-100.70703,31.82065
-100.73969,31.8614
-100.64065,31.78287
-100.76595,31.83703
-100.63609,31.8002
-100.59089,31.78512
-100.51921,31.79266
-100.72183,31.85728
-100.52289,31.76434
-100.50952,31.75492
-100.65976,31.79886
-100.72738,31.81206
-100.67823,31.81392
-100.68105,31.83036
-100.70222,31.86005
-100.60468,31.79463
-100.76154,31.86774
-100.72844,31.78837
-100.50636,31.76131
-100.71321,31.82278
-100.73196,31.8119
-100.66141,31.81387
-100.71071,31.83312
-100.69758,31.84452
-100.75224,31.86764
-100.68521,31.83453
-100.60104,31.80402
-100.593,31.79996
-100.61875,31.81796
-100.69987,31.78565
-100.51444,31.7684
-100.7061,31.85902
-100.55296,31.80591
-100.68002,31.84012
-100.76305,31.80251
-100.57397,31.79536
-100.52278,31.74956
-100.757,31.86718
-100.75218,31.85877
-100.73184,31.83623
-100.74341,31.8654
-100.66161,31.82189
-100.6144,31.81782
-100.74583,31.83093
-100.66684,31.79787
-100.76101,31.83579
-100.63163,31.784
-100.6456,31.7979
-100.51324,31.75521
-100.58926,31.80083
-100.5632,31.79351
-100.73981,31.83673
-100.60336,31.78222
-100.71799,31.85652
-100.58184,31.79467
-100.57784,31.79512
-100.54834,31.8051
-100.71031,31.81619
-100.75909,31.80324
-100.73259,31.78753
-100.69331,31.81442
-100.59688,31.8004
-100.52689,31.76377
-100.60882,31.80293
-100.56931,31.80517
-100.53906,31.80352
-100.67804,31.83649
-100.72306,31.81189
-100.73666,31.78664
-100.54005,31.78248
-100.71854,31.83808
-100.50494,31.75443
-100.76807,31.87417
-100.71439,31.78298
-100.70641,31.84139
-100.51086,31.77059
-100.52953,31.78848
-100.75174,31.8277
-100.63234,31.79826
-100.74818,31.85923
-100.67491,31.79579
-100.69819,31.81968
-100.58695,31.79499
-100.74087,31.85336
-100.60072,31.79286
-100.73084,31.85715
-100.72045,31.78839
-100.51716,31.75488
-100.63182,31.81447
-100.67604,31.80099
-100.6254,31.81773
-100.69989,31.85571
-100.60726,31.81025
-100.7183,31.87441
-100.73531,31.85862
-100.53233,31.76518
-100.7254,31.85173
-100.69309,31.84264
-100.57108,31.79313
-100.59917,31.78271
-100.77303,31.87396
-100.5181,31.76678
-100.61107,31.80017
-100.69781,31.83344
-100.68525,31.82133
-100.51486,31.79488
-100.55913,31.80637
-100.51516,31.76184
-100.5946,31.78647
-100.5572,31.81226
-100.61926,31.7841
-100.71661,31.82643
-100.66973,31.81936
-100.68395,31.83884
-100.53441,31.80175
-100.6151,31.79817
-100.64839,31.78302
-100.68499,31.82922
-100.74789,31.82597
-100.5634,31.80744
-100.52856,31.75216
-100.75042,31.80517
-100.67092,31.8392
-100.73356,31.86939
-100.71422,31.85731
-99.27839,33.20728
-99.34354,33.16774
-99.29672,33.17256
-99.25303,33.2133
-99.31381,33.16984
-99.23044,33.22257
-99.23075,33.20219
-99.29503,33.15314
-99.24048,33.2202
-99.33212,33.16815
-99.33942,33.15738
-99.20785,33.1978
-99.32861,33.17505
-99.26363,33.21495
-99.28841,33.10212
-99.34981,33.15587
-99.32391,33.17256
-99.22542,33.20514
-99.32037,33.14352
-99.35069,33.12985
-99.27307,33.19041
-99.30079,33.19047
-99.28303,33.17767
-99.29855,33.14493
-99.31113,33.09166
-99.21513,33.2024
-99.26017,33.18499
-99.27282,33.17777
-99.31655,33.14036
-99.27666,33.19374
-99.23595,33.18554
-99.33608,33.14852
-99.30955,33.17303
-99.31551,33.12098
-99.24515,33.17025
-99.34464,33.15693
-99.30018,33.16834
-99.32383,33.11448
-99.25348,33.18453
-99.28976,33.15214
-99.33089,33.14709
-99.34044,33.17563
-99.31252,33.1549
-99.30551,33.09195
-99.22413,33.22041
-99.26762,33.19033
-99.21874,33.21762
-99.24826,33.19055
-99.31867,33.17218
-99.22085,33.20239
-99.31671,33.09014
-99.28213,33.1653
-99.34912,33.16761
-99.3407,33.12887
-99.29263,33.16532
-99.34917,33.17915
-99.3178,33.1553
-99.28828,33.18891
-99.28249,33.1534
-99.33752,33.17063
-99.24216,33.19046
-99.34434,33.17865
-99.30157,33.11533
-99.33697,33.12567
-99.28359,33.21988
-99.27045,33.20894
-99.32561,33.14652
-99.28376,33.20649
-99.22907,33.18762
-99.28734,33.16492
-99.25893,33.20959
-99.29419,33.10149
-99.20293,33.20055
-99.31856,33.11451
-99.30835,33.11313
-99.30542,33.16888
-99.34544,33.13151
-99.29543,33.19404
-99.27781,33.17888
-97.53331,27.18604
-97.57073,27.20823
-97.6218,27.13046
-97.51412,27.17917
-97.55001,27.17067
-97.56448,27.18879
-97.58975,27.15621
-97.58727,27.15871
-97.62701,27.17809
-97.63882,27.17075
-97.60724,27.18707
-97.66825,27.13911
-97.67989,27.13338
-97.58599,27.19912
-97.49314,27.19702
-97.6127,27.16583
-97.61636,27.1349
-97.63298,27.15009
-97.56722,27.18691
-97.58241,27.20072
-97.53571,27.18421
-97.57314,27.20654
-97.62775,27.15395
-97.60749,27.16979
-97.64169,27.169
-97.48133,27.19623
-97.56375,27.21347
-97.67764,27.13458
-97.62257,27.1579
-97.58445,27.16071
-97.49726,27.1972
-97.57047,27.18561
-97.50142,27.19689
-97.50201,27.17164
-97.61485,27.16354
-97.64444,27.16742
-97.59867,27.19315
-97.51865,27.19368
-97.5222,27.19285
-97.67263,27.13656
-97.63575,27.14804
-97.61203,27.13926
-97.48906,27.19694
-97.6203,27.18102
-97.58936,27.19748
-97.60912,27.14175
-97.61906,27.13292
-97.55265,27.16867
-97.60636,27.14355
-97.64314,27.14214
-97.5453,27.17513
-97.61741,27.16184
-97.63323,27.17418
-97.64072,27.14422
-97.63619,27.17242
-97.56158,27.21506
-97.62363,27.17956
-97.51025,27.18267
-97.53077,27.19199
-97.51348,27.19622
-97.54086,27.17986
-97.50547,27.19657
-97.54247,27.17747
-97.57903,27.20192
-97.59552,27.19462
-97.48504,27.19675
-97.60179,27.1916
-97.61358,27.18393
-97.62001,27.15989
-97.65119,27.13633
-97.67053,27.13782
-97.59238,27.19607
-97.50951,27.19646
-97.64562,27.14044
-97.67535,27.13542
-97.64749,27.16601
-97.5055,27.16942
-97.60485,27.17189
-97.59506,27.1528
-97.61403,27.13705
-97.54766,27.17296
-97.61005,27.16779
-97.60003,27.1755
-97.62512,27.1559
-97.61025,27.18549
-97.56609,27.2117
-97.49939,27.1729
-97.66431,27.14229
-97.49647,27.17503
-97.56266,27.19172
-97.58168,27.16289
-97.66644,27.14072
-97.63807,27.14604
-97.64838,27.13806
-97.6302,27.15196
-97.60244,27.17374
-97.55965,27.19446
-97.61683,27.18251
-97.53791,27.18206
-97.56835,27.20991
-97.59327,27.15531
-101.41789,32.2154
-98.3112,33.06239
-98.301,33.09959
-98.328,33.06559
-98.36039,33.07129
-98.3233,33.0864
-98.37979,33.0533
-98.32939,33.05899
-98.30859,33.0636
-98.32599,33.05679
-98.30299,33.08109
-98.31259,33.06049
-98.29639,33.0668
-98.29639,33.07319
-98.33329,33.0594
-98.32589,33.085
-98.2944,33.0664
-98.29919,33.10029
-98.31889,33.06089
-98.30959,33.0682
-98.3243,33.0925
-98.29359,33.10189
-98.3149,33.06049
-98.29779,33.1018
-98.30319,33.0719
-98.30549,33.06839
-98.29899,33.07309
-98.3169,33.06089
-98.29429,33.0729
-98.32159,33.08809
-98.2972,33.10439
-98.3271,33.0924
-98.33119,33.0593
-98.38199,33.05119
-98.38619,33.06789
-98.29789,33.0641
-98.32389,33.0565
-98.30579,33.05999
-98.39079,33.06149
-98.37499,33.0589
-98.37589,33.05729
-98.37849,33.07079
-98.35944,33.0733
-98.38749,33.06149
-98.32289,33.05879
-98.30759,33.09609
-98.32409,33.0994
-98.30479,33.09739
-98.39079,33.0645
-98.3886,33.0663
-98.32089,33.0607
-98.36206,33.06992
-98.36939,33.06279
-98.30269,33.0678
-98.30309,33.0985
-98.30609,33.08099
-98.38079,33.0701
-98.37669,33.0557
-98.33519,33.0668
-98.33119,33.06649
-98.32039,33.09959
-101.6262,31.75377
-101.58454,31.74913
-101.58738,31.77729
-101.63411,31.75456
-101.57089,31.77771
-101.55507,31.8141
-101.62051,31.73597
-101.61144,31.73603
-101.6012,31.79287
-101.63188,31.78305
-101.54302,31.74903
-101.65566,31.75392
-101.62174,31.75451
-101.59061,31.7476
-101.57323,31.73417
-101.56659,31.77585
-101.65101,31.75424
-101.54665,31.79299
-101.55177,31.79272
-101.64229,31.75464
-101.5817,31.77771
-101.61569,31.73514
-101.61734,31.75486
-101.62834,31.78398
-101.55985,31.81374
-101.60356,31.72968
-101.64662,31.75432
-101.62465,31.78372
-101.56911,31.8138
-101.56501,31.74867
-101.58286,31.734
-101.56422,31.8139
-101.63829,31.75447
-101.52826,31.79001
-101.52245,31.79011
-101.57784,31.73402
-101.63001,31.7543
-101.60497,31.75263
-101.56114,31.74873
-101.57866,31.74935
-101.58734,31.73375
-101.59621,31.77496
-101.59963,31.72982
-101.59551,31.73001
-101.53237,31.78972
-101.54698,31.74898
-101.60081,31.75262
-101.5924,31.79301
-101.63942,31.78364
-101.57501,31.8136
-101.59662,31.75261
-101.63567,31.78337
-101.66437,31.75407
-101.6601,31.75406
-101.55238,31.74888
-101.5968,31.79293
-101.56263,31.77638
-101.6398,31.74167
-101.66293,31.77836
-101.68945,31.74357
-101.69233,31.76361
-101.64379,31.76581
-101.69415,31.74
-101.66543,31.76265
-101.65957,31.79433
-101.68162,31.77132
-101.68958,31.75434
-101.6737,31.7487
-101.69193,31.72984
-101.65869,31.77939
-101.71659,31.75321
-101.64436,31.78377
-101.6781,31.73286
-101.69342,31.75308
-101.67704,31.77254
-101.66959,31.73859
-101.7047,31.73791
-101.68642,31.76438
-101.68424,31.74446
-101.68747,31.73094
-101.64966,31.74214
-101.65105,31.79627
-101.63179,31.74139
-101.69659,31.76257
-101.65007,31.78471
-101.65997,31.76383
-101.69849,31.73803
-101.67999,31.75906
-101.62693,31.74125
-101.70815,31.75537
-101.68552,31.75516
-101.67058,31.77412
-101.67612,31.76054
-101.65771,31.73998
-101.65533,31.7953
-101.68275,31.73179
-101.704,31.75637
-101.67177,31.76222
-101.64639,31.79724
-101.67942,31.74736
-101.63894,31.7652
-101.66364,31.73895
-101.71233,31.75434
-101.70046,31.7613
-102.51766,34.54499
-102.46359,34.58627
-102.4911,34.55807
-102.48749,34.63336
-102.43123,34.52141
-102.49271,34.53774
-102.4683,34.53409
-102.45275,34.56749
-102.44933,34.51294
-102.45419,34.61867
-102.44589,34.56265
-102.4157,34.50363
-102.44188,34.57973
-102.46171,34.55608
-102.4159,34.52812
-102.46458,34.53297
-102.50287,34.59123
-102.51978,34.6148
-102.48661,34.55659
-102.49773,34.57449
-102.45692,34.55541
-102.48509,34.52327
-102.50154,34.54339
-102.44621,34.61049
-102.42195,34.52005
-102.41173,34.50357
-102.45209,34.54274
-102.47339,34.6315
-102.50288,34.50877
-102.47988,34.52319
-102.48321,34.63162
-102.45788,34.51184
-102.50578,34.55076
-102.43664,34.60989
-102.48597,34.53948
-102.4493,34.63778
-102.4719,34.53542
-102.47118,34.50874
-102.41703,34.51814
-102.5038,34.61148
-102.454,34.58338
-102.48829,34.58559
-102.44065,34.53256
-102.49842,34.53819
-102.45611,34.54611
-102.40047,34.51591
-102.45397,34.64006
-102.44096,34.56167
-102.44227,34.60944
-102.47546,34.56295
-102.47863,34.61519
-102.48842,34.52578
-102.48499,34.50896
-102.4947,34.50909
-102.42827,34.55389
-102.40595,34.51807
-102.41885,34.62165
-102.47815,34.63155
-102.52353,34.61578
-102.44561,34.51285
-102.49291,34.5874
-102.48854,34.61211
-102.45778,34.56944
-102.45828,34.52283
-102.49751,34.58917
-102.50842,34.61325
-102.46468,34.62503
-102.44504,34.62966
-102.49551,34.63644
-102.48356,34.58378
-102.50819,34.59328
-102.46703,34.64483
-102.46681,34.55781
-102.47145,34.56091
-102.50296,34.62592
-102.44092,34.62805
-102.52368,34.60078
-102.5135,34.59692
-102.41238,34.5256
-102.47735,34.64497
-102.44476,34.53537
-102.49326,34.6134
-102.47548,34.53674
-102.44853,34.53876
-102.43803,34.51279
-102.4589,34.58485
-102.42904,34.51269
-102.44658,34.58115
-102.50166,34.57602
-102.49152,34.63494
-102.51251,34.62965
-102.52325,34.6341
-102.45944,34.64229
-102.51296,34.61465
-102.5042,34.54679
-102.43259,34.55738
-102.49694,34.56221
-102.44948,34.59531
-102.52019,34.59943
-102.48289,34.64505
-102.41477,34.62658
-102.4724,34.64491
-102.45217,34.52351
-102.43665,34.62639
-102.45357,34.59679
-102.41853,34.61175
-102.45808,34.62033
-102.41063,34.51826
-102.44978,34.61299
-102.5056,34.57753
-102.50781,34.62786
-102.4369,34.56044
-102.4804,34.53936
-102.5014,34.5623
-102.47627,34.50887
-102.46247,34.50841
-102.51959,34.6326
-102.49796,34.61517
-102.50584,34.56239
-102.46149,34.62222
-101.43229,32.1805
-101.36499,32.1777
-101.43749,32.1797
-101.43489,32.18969
-101.41309,32.215
-101.36759,32.1777
-101.44459,32.19
-101.43879,32.18
-101.36019,32.16679
-101.36379,32.1773
-101.4335,32.1807
-101.44039,32.1904
-101.43899,32.1904
-101.40229,32.21389
-101.36629,32.17799
-101.36019,32.1758
-101.43769,32.19019
-101.36879,32.1777
-101.41199,32.21479
-101.40689,32.2145
-101.44179,32.1903
-101.41909,32.2152
-101.41419,32.21529
-101.40959,32.2142
-101.41079,32.21439
-101.4167,32.2156
-101.36489,32.17049
-101.4363,32.19
-101.43109,32.18039
-101.36379,32.1698
-101.36269,32.1689
-101.36249,32.1767
-101.42029,32.2151
-101.44319,32.19009
-101.37009,32.17749
-101.35829,32.168
-101.36139,32.17619
-101.39999,32.2138
-97.54191,28.24232
-97.50796,28.29089
-97.52978,28.2592
-97.50794,28.22109
-97.49411,28.26631
-97.51268,28.28351
-97.48333,28.26913
-97.50679,28.23598
-97.48461,28.2842
-97.4926,28.2331
-97.54354,28.29328
-97.48759,28.23521
-97.47306,28.28177
-97.5553,28.27778
-97.45924,28.27211
-97.56579,28.28568
-97.56271,28.30833
-97.57363,28.24615
-97.48931,28.26822
-97.50401,28.26219
-97.50342,28.24557
-97.54775,28.28371
-97.56649,28.26692
-97.46085,28.26241
-97.56605,28.25455
-97.54459,28.26599
-97.55876,28.24513
-97.51415,28.24086
-97.4957,28.21156
-97.46157,28.28035
-97.54416,28.30485
-97.51843,28.23877
-97.55579,28.23516
-97.55266,28.30725
-97.48861,28.21684
-97.49691,28.29081
-97.52853,28.28643
-97.56027,28.23311
-97.48799,28.24311
-97.51586,28.25913
-97.46661,28.26267
-97.52477,28.26662
-97.52119,28.24793
-97.55106,28.23672
-97.45512,28.26434
-97.44943,28.26413
-97.56765,28.24898
-97.53496,28.2518
-97.53758,28.22375
-97.54325,28.22198
-102.65406,34.09015
-102.57605,34.03545
-102.61998,34.03938
-102.63461,34.08024
-102.70478,34.06112
-102.66096,34.03904
-102.66596,34.04107
-102.58476,34.03945
-102.58025,34.03761
-102.64409,34.08537
-102.64892,34.08791
-102.63558,34.04437
-102.67053,34.04315
-102.62524,34.07603
-102.61542,34.03705
-102.70028,34.05928
-102.67253,34.06139
-102.66612,34.06122
-102.64931,34.05736
-102.59416,34.04335
-102.71099,34.06149
-102.6746,34.04604
-102.58895,34.04181
-102.5988,34.04499
-102.65408,34.05919
-102.6871,34.05348
-102.69147,34.05555
-102.65891,34.06078
-102.68296,34.05113
-102.62435,34.04173
-102.64538,34.04734
-102.65615,34.03643
-102.6298,34.07758
-102.63936,34.08292
-102.64051,34.04573
-102.71711,34.0619
-102.67843,34.0494
-102.62096,34.07409
-102.60864,34.04737
-102.6513,34.0338
-102.60364,34.04628
-102.69577,34.0575
-102.63076,34.04278
-99.36689,34.32672
-99.39039,34.29799
-99.38025,34.3199
-99.3634,34.30759
-99.39496,34.31461
-99.35747,34.29915
-99.34189,34.28759
-99.44579,34.24289
-99.34359,34.342
-99.38669,34.32719
-99.32439,34.32019
-99.40689,34.28569
-99.38919,34.3486
-99.33999,34.31609
-99.37149,34.2888
-99.32819,34.31929
-99.39869,34.29879
-99.44999,34.253
-99.36049,34.3453
-99.3411,34.35439
-99.35019,34.3014
-99.34619,34.3528
-99.37539,34.34489
-99.43319,34.26979
-99.34529,34.2869
-99.38329,34.29889
-99.454,34.25489
-99.43589,34.25819
-99.3522,34.3387
-99.33689,34.36099
-99.38359,34.28999
-99.3317,34.31699
-99.35309,34.31039
-99.33849,34.3574
-99.37619,34.28999
-99.3196,34.32589
-99.36169,34.29079
-99.38069,34.34349
-99.37479,34.2987
-99.37581,34.31986
-99.4577,34.2581
-99.34929,34.2875
-99.4381,34.2693
-99.43779,34.25409
-99.31569,34.32769
-99.32179,34.32409
-99.35849,34.29139
-99.38629,34.34879
-99.40859,34.27749
-99.3681,34.28919
-99.39509,34.2968
-99.44329,34.24509
-99.34959,34.35019
-99.33959,34.34269
-99.34879,34.3402
-99.4055,34.27839
-99.38629,34.29849
-99.37239,34.32079
-99.38754,34.31653
-99.4027,34.28659
-99.33609,34.31669
-99.41589,34.2763
-99.4026,34.2809
-99.44609,34.2519
-99.37069,34.29889
-99.36169,34.29779
-99.36599,34.29829
-99.35339,34.3494
-99.38639,34.28759
-99.412,34.2757
-99.35719,34.34869
-99.39089,34.28669
-99.3794,34.2897
-99.41409,34.28429
-99.41089,34.28499
-99.39056,34.32639
-99.38451,34.31888
-99.3466,34.31199
-99.34239,34.31279
-99.36479,34.28999
-99.39529,34.28589
-99.37879,34.29829
-99.46256,34.21954
-99.47308,34.2571
-99.46662,34.25878
-99.48237,34.23679
-99.47807,34.20541
-99.50362,34.231
-99.49488,34.23486
-99.4475,34.2235
-99.46729,34.21875
-99.44444,34.27042
-99.4781,34.23724
-99.48042,34.24756
-99.45189,34.26764
-99.48243,34.20261
-99.45702,34.22187
-99.49905,34.23256
-99.45748,34.26826
-99.46195,34.2673
-99.57124,34.13094
-99.58581,34.14053
-99.52242,34.14418
-99.57787,34.20281
-99.52267,34.1774
-99.52921,34.21623
-99.58365,34.18995
-99.53516,34.12649
-99.53754,34.24143
-99.57923,34.18994
-99.53951,34.12589
-99.5336,34.20512
-99.5534,34.24395
-99.58371,34.15648
-99.56238,34.13718
-99.5801,34.16239
-99.56537,34.2464
-99.52155,34.15997
-99.58218,34.20516
-99.56424,34.22523
-99.54503,34.2414
-99.55254,34.19656
-99.53539,34.15688
-99.57238,34.20392
-99.55885,34.12341
-99.56912,34.19044
-99.53956,34.15721
-99.57056,34.14793
-99.58308,34.17427
-99.55994,34.245
-99.53168,34.1613
-99.574,34.18866
-99.5836,34.21487
-99.54443,34.12496
-99.54329,34.19247
-99.53332,34.17326
-99.56758,34.13639
-99.53583,34.14525
-99.52474,34.21484
-99.59126,34.14291
-99.5525,34.12444
-99.51672,34.1787
-99.54698,34.21562
-99.57882,34.17534
-99.5476,34.19555
-99.54318,34.17535
-99.52693,34.15848
-99.58785,34.16962
-99.52888,34.20556
-99.50828,34.17994
-99.50301,34.18124
-99.54244,34.21578
-99.56417,34.12303
-99.55586,34.15717
-99.58232,34.14663
-99.54549,34.16259
-99.52705,34.17593
-99.56387,34.19006
-99.59928,34.14245
-99.55132,34.16094
-99.55623,34.1894
-99.54148,34.14458
-99.53131,34.14517
-99.58646,34.20408
-99.51906,34.20795
-99.58873,34.15604
-99.55425,34.21116
-99.55034,34.1738
-99.55676,34.1363
-99.53336,34.21532
-99.57787,34.21449
-99.56795,34.20408
-99.53707,34.21132
-99.53893,34.17478
-99.54917,34.14329
-99.55979,34.22771
-99.5725,34.21438
-99.51649,34.1516
-99.59175,34.16592
-99.5271,34.14678
-99.55039,34.23039
-99.56326,34.2041
-98.6182,33.4708
-98.55985,33.50691
-98.52639,33.5346
-98.56179,33.55639
-98.55919,33.53809
-98.53866,33.50973
-98.56339,33.50629
-98.63519,33.4801
-98.58339,33.50129
-98.64779,33.48349
-98.54707,33.49075
-98.54829,33.5417
-98.6312,33.474
-98.64189,33.46899
-98.52899,33.53399
-98.54199,33.50909
-98.63739,33.47849
-98.59049,33.50079
-98.56999,33.4778
-98.56629,33.50509
-98.60439,33.48069
-98.55609,33.48669
-98.60089,33.50399
-98.62259,33.47149
-98.54306,33.54705
-98.57536,33.50084
-98.55959,33.5575
-98.64029,33.4866
-98.58259,33.47619
-98.61699,33.4758
-98.57389,33.4778
-98.60369,33.50559
-98.6191,33.48389
-98.61169,33.4764
-98.59349,33.5094
-98.56049,33.52959
-98.52839,33.54269
-98.60859,33.47799
-98.6452,33.48439
-98.52379,33.5561
-98.59599,33.5053
-98.5565,33.50969
-98.52429,33.54419
-98.66229,33.4847
-98.62569,33.4778
-98.57029,33.4968
-98.5229,33.5351
-98.62149,33.47849
-98.55679,33.52919
-98.56089,33.4973
-98.57069,33.46759
-98.53809,33.54759
-98.536,33.50979
-98.56419,33.53669
-98.59189,33.48509
-98.56339,33.4968
-98.57764,33.49316
-98.57599,33.46729
-98.57779,33.47559
-98.55097,33.50214
-98.59699,33.4828
-98.58051,33.50364
-98.55719,33.56559
-98.65769,33.48369
-98.60099,33.4824
-98.54845,33.50264
-98.55455,33.56598
-98.53269,33.54569
-98.56739,33.49699
-98.55449,33.50029
-98.60849,33.4861
-98.55249,33.53029
-98.54549,33.54179
-98.5482,33.53
-98.53519,33.54569
-98.56649,33.4684
-98.61459,33.48679
-98.53339,33.50979
-98.5985,33.50369
-98.6386,33.47319
-98.64529,33.47559
-98.57399,33.4908
-98.54589,33.50259
-98.6144,33.47619
-98.55709,33.49799
-98.65139,33.4833
-98.5641,33.4857
-98.6331,33.4829
-98.56149,33.53729
-98.55029,33.4926
-98.51759,33.53389
-98.56049,33.48549
-98.56839,33.4876
-98.65499,33.4843
-98.5734,33.46719
-101.10851,32.942
-101.32668,32.94392
-101.10984,32.94212
-101.29975,34.39536
-101.30364,34.3433
-101.30276,34.39739
-101.30212,34.35858
-101.32551,34.33249
-101.33778,34.40102
-101.31807,34.34203
-101.34022,34.37235
-101.30984,34.38316
-101.33503,34.39864
-101.32549,34.34345
-101.2668,34.38778
-101.32555,34.40413
-101.33574,34.32803
-101.29309,34.36547
-101.32334,34.4141
-101.28373,34.3508
-101.30801,34.37378
-101.33233,34.38042
-101.33613,34.37108
-101.30767,34.4198
-101.28266,34.38083
-101.28902,34.40424
-101.32299,34.38023
-101.30756,34.34498
-101.31821,34.35349
-101.30473,34.37279
-101.26911,34.38992
-101.30492,34.41784
-101.29988,34.34176
-101.32118,34.39877
-101.29684,34.39327
-101.28901,34.3869
-101.27953,34.37892
-101.33413,34.3942
-101.31902,34.32137
-101.29313,34.35416
-101.30576,34.39969
-101.2962,34.36718
-101.33746,34.38567
-101.29926,34.36888
-101.32659,34.35455
-101.32245,34.3312
-101.31005,34.42197
-101.27481,34.39856
-101.32231,34.40253
-101.3181,34.39621
-101.30242,34.37063
-101.31633,34.32998
-101.27248,34.396
-101.34036,34.40376
-101.32007,34.41264
-101.31439,34.3415
-101.32554,34.32332
-101.27021,34.39344
-101.29957,34.41402
-101.33238,34.36971
-101.29755,34.35645
-101.32449,34.367
-101.32644,34.38163
-101.27928,34.40099
-101.3159,34.39365
-101.28822,34.35246
-101.30883,34.40171
-101.29261,34.38951
-101.33238,34.32584
-101.32228,34.35455
-101.28263,34.40207
-101.33958,34.33125
-101.28583,34.38268
-101.31433,34.32087
-101.31957,34.3788
-101.3071,34.38106
-101.32683,34.41488
-101.3276,34.36897
-101.28582,34.40313
-101.33481,34.38297
-101.32179,34.34271
-101.31429,34.35241
-101.32187,34.36459
-101.30222,34.41587
-102.95743,34.83119
-103.01823,34.77154
-103.02704,34.79235
-102.94869,34.79304
-102.9482,34.77144
-102.93066,34.80851
-102.93876,34.79017
-102.98588,34.7796
-103.00507,34.7837
-102.96559,34.82418
-102.99641,34.80128
-102.98457,34.77155
-103.03872,34.79263
-103.00162,34.76999
-103.0099,34.79168
-102.96693,34.81219
-102.98586,34.8018
-103.02473,34.78301
-102.97074,34.826
-102.96263,34.80933
-102.95097,34.80402
-102.9585,34.82209
-102.96008,34.78595
-102.9651,34.77428
-103.03874,34.78094
-102.94003,34.77201
-102.97795,34.80992
-102.9759,34.78036
-102.95048,34.81691
-103.02656,34.77288
-102.92364,34.82688
-103.03481,34.77862
-102.93957,34.8114
-102.97498,34.77208
-102.93607,34.83205
-102.95755,34.77132
-97.74715,26.50955
-97.66727,26.50632
-97.75481,26.52398
-97.75104,26.508
-97.68298,26.53888
-97.6078,26.51154
-97.67047,26.53968
-97.70915,26.53885
-97.71618,26.51219
-97.71877,26.50983
-97.73586,26.53141
-97.61331,26.531
-97.73323,26.51646
-97.67444,26.53866
-97.61668,26.51928
-97.69576,26.53924
-97.75758,26.51583
-97.67477,26.50605
-97.69886,26.51722
-97.7081,26.51421
-97.63854,26.50757
-97.69811,26.50976
-97.66689,26.53921
-97.62482,26.52942
-97.69283,26.50994
-97.70563,26.51633
-97.75885,26.49819
-97.67098,26.50626
-97.6097,26.50767
-97.63327,26.51257
-97.63525,26.52353
-97.63162,26.52479
-97.62888,26.53943
-97.67871,26.53848
-97.617,26.53039
-97.69967,26.53883
-97.6224,26.51772
-97.6899,26.52043
-97.65701,26.50955
-97.65952,26.50673
-97.66309,26.50637
-97.74714,26.53904
-97.73145,26.53475
-97.68603,26.5093
-97.69138,26.53888
-97.75498,26.50103
-97.63633,26.5371
-97.68422,26.52168
-97.72884,26.53994
-97.60176,26.5076
-97.6734,26.5211
-97.6875,26.53957
-97.60645,26.52586
-97.74287,26.51489
-97.62118,26.52998
-97.63485,26.50851
-97.66354,26.53953
-97.60622,26.52083
-97.64953,26.52241
-97.60981,26.53146
-97.61317,26.52074
-97.71716,26.53955
-97.73971,26.51593
-97.65309,26.52091
-97.6422,26.53192
-97.72133,26.53997
-97.64666,26.52444
-97.60611,26.5148
-97.62843,26.51343
-97.74276,26.52549
-97.70431,26.53832
-97.7433,26.49857
-97.71336,26.53958
-97.60633,26.53195
-97.62491,26.51459
-97.63303,26.53944
-98.39337,32.36023
-98.39928,32.37264
-98.38618,32.37797
-98.41924,32.38325
-98.41699,32.37648
-98.41797,32.35665
-98.41399,32.36761
-98.37649,32.37514
-98.37185,32.34291
-98.39179,32.37273
-98.38171,32.37411
-98.42127,32.36466
-98.4103,32.36816
-98.37236,32.37516
-98.40902,32.36002
-98.39893,32.35979
-98.36843,32.37452
-98.41272,32.37923
-98.3641,32.37386
-98.42203,32.35851
-98.40113,32.35614
-98.41319,32.35705
-98.39559,32.3732
-98.39246,32.38101
-98.41757,32.36266
-98.36827,32.34427
-98.3641,32.34509
-98.4062,32.36795
-98.40225,32.36682
-100.24859,32.36039
-100.23129,32.363
-100.23609,32.36139
-100.21459,32.34909
-100.21079,32.3136
-100.20479,32.3499
-100.17449,32.32269
-100.20519,32.32399
-100.18759,32.3173
-100.2058,32.33929
-100.1797,32.3318
-100.24099,32.3616
-100.20789,32.3238
-100.18939,32.3238
-100.18219,32.31709
-100.23789,32.34469
-100.23919,32.33389
-100.22569,32.3224
-100.24349,32.34399
-100.18409,32.3331
-100.20729,32.34969
-100.25469,32.3597
-100.24209,32.33799
-100.22559,32.36229
-100.20969,32.3495
-100.23579,32.3551
-100.1965,32.36319
-100.21399,32.36149
-100.2002,32.33229
-100.19249,32.35019
-100.22339,32.33239
-100.18459,32.32509
-100.21219,32.34929
-100.19769,32.34909
-100.2385,32.36079
-100.21339,32.3233
-100.21829,32.3229
-100.18479,32.31649
-100.2179,32.37479
-100.22269,32.36289
-100.2226,32.3486
-100.189,32.33279
-100.1899,32.34979
-100.19869,32.3401
-100.2132,32.3136
-100.23489,32.3485
-100.22179,32.33979
-100.18389,32.34589
-100.217,32.34889
-100.21359,32.3313
-100.24079,32.34499
-100.18209,32.3257
-100.19728,32.32486
-100.18649,32.3331
-100.23369,32.36229
-100.22779,32.3406
-100.22509,32.3486
-100.22619,32.37429
-100.2124,32.37429
-100.245,32.33789
-100.23319,32.3556
-100.21009,32.3738
-100.23,32.3485
-100.22419,32.3397
-100.19809,32.3746
-100.22379,32.37439
-100.17709,32.3182
-100.19059,32.34139
-100.22019,32.34869
-100.20379,32.377
-100.17649,32.33849
-100.20009,32.3494
-100.21629,32.33979
-100.20702,32.31694
-100.17159,32.3234
-100.23239,32.34869
-100.21499,32.37439
-100.22489,32.31099
-100.2329,32.34119
-100.23669,32.3336
-100.20459,32.31698
-100.20829,32.33939
-100.19889,32.3621
-100.19,32.31709
-100.18699,32.32449
-100.20805,32.33102
-100.20899,32.3612
-100.21989,32.36239
-100.18129,32.34639
-100.20565,32.33143
-100.246,32.34419
-100.22039,32.3747
-100.1919,32.3242
-100.22749,32.3486
-100.21589,32.32309
-100.18749,32.34309
-100.24339,32.36129
-100.22809,32.36219
-100.21149,32.36149
-100.19769,32.3326
-100.22569,32.33289
-100.19639,32.3402
-100.16909,32.32369
-100.20649,32.37809
-100.2114,32.33989
-100.20319,32.3318
-100.22789,32.3556
-100.20239,32.35009
-100.21568,32.31352
-100.19349,32.36449
-100.23809,32.35469
-100.17889,32.34769
-100.23069,32.33279
-100.22059,32.3135
-100.19289,32.3332
-100.2021,32.31699
-100.1797,32.3177
-100.21849,32.3317
-100.20069,32.37629
-100.21119,32.33109
-100.21099,32.32349
-100.23399,32.3332
-100.19529,32.33289
-100.19389,32.3402
-100.23049,32.3556
-100.20339,32.33999
-100.20649,32.3611
-100.19519,32.34919
-100.21929,32.33979
-100.2026,32.32431
-100.19439,32.37339
-100.24269,32.35249
-100.21809,32.3135
-100.2012,32.3612
-100.22319,32.32259
-100.22733,32.31062
-100.24699,32.3368
-100.21649,32.36189
-100.2208,32.3228
-100.23029,32.34089
-100.2282,32.33279
-100.2459,32.36089
-100.24759,32.3509
-100.24519,32.35159
-100.17659,32.33249
-100.22089,32.33209
-100.20369,32.3611
-100.19989,32.32459
-100.24059,32.35339
-100.17919,32.33849
-100.1946,32.32509
-100.1816,32.3331
-100.21389,32.33989
-100.176,32.34739
-100.25189,32.35989
-100.18979,32.30439
-100.12249,32.29569
-100.10009,32.2879
-100.20749,32.3056
-100.16269,32.28659
-100.12349,32.2883
-100.1666,32.29479
-100.1983,32.2968
-100.17369,32.28679
-100.11369,32.2949
-100.17659,32.2868
-100.14029,32.2879
-100.18979,32.29699
-100.19659,32.3121
-100.1956,32.30439
-100.13729,32.2879
-100.1927,32.29689
-100.18259,32.28669
-100.14619,32.2879
-100.1955,32.29689
-100.13149,32.2884
-100.10299,32.28729
-100.19069,32.3122
-100.13979,32.2953
-100.11662,32.29553
-100.17209,32.29519
-100.18459,32.31089
-100.14829,32.29509
-100.15479,32.29499
-100.11949,32.29569
-100.19849,32.30479
-100.17959,32.28669
-100.12549,32.29559
-100.17349,32.30269
-100.1321,32.29549
-100.11209,32.28779
-100.18119,32.30299
-100.17839,32.30359
-100.18409,32.30359
-100.1927,32.30439
-100.11749,32.2884
-100.17069,32.2869
-100.15779,32.2949
-100.11076,32.29495
-100.10517,32.29424
-100.14919,32.2879
-100.1937,32.3122
-100.13439,32.2879
-100.18169,32.31049
-100.15249,32.287
-100.2012,32.2968
-100.15189,32.29499
-100.16929,32.29519
-100.17049,32.30319
-100.20449,32.3057
-100.16069,32.2949
-100.11499,32.28719
-100.10809,32.2939
-100.1788,32.31019
-100.12029,32.2884
-100.13599,32.2954
-100.19959,32.3121
-100.12909,32.29559
-100.10909,32.2875
-100.16359,32.29479
-100.18689,32.3042
-100.17929,32.2968
-100.1555,32.2869
-100.20139,32.30479
-100.15979,32.28669
-100.18289,32.2968
-100.1433,32.2879
-100.17489,32.29689
-100.14289,32.29549
-100.06356,32.31142
-100.08369,32.29799
-100.15689,32.30339
-100.05959,32.3052
-100.15989,32.3019
-100.08589,32.31089
-100.13899,32.30579
-100.13189,32.30589
-100.09349,32.29739
-100.14899,32.3042
-100.10069,32.30549
-100.1294,32.3057
-100.10579,32.30549
-100.14939,32.3117
-100.13449,32.3057
-100.16689,32.3015
-100.05869,32.29799
-100.09799,32.30529
-100.15479,32.31189
-100.1471,32.32529
-100.13969,32.3126
-100.15349,32.31892
-100.11429,32.30359
-100.14129,32.30449
-100.09259,32.30479
-100.09628,32.31295
-100.16399,32.30159
-100.0631,32.30489
-100.16579,32.31059
-100.14229,32.31299
-100.05609,32.29709
-100.08869,32.3112
-100.08629,32.29799
-100.09148,32.31256
-100.14689,32.31108
-100.0613,32.31157
-100.14409,32.30459
-100.15199,32.31229
-100.1293,32.31299
-100.15099,32.3187
-100.05409,32.3051
-100.1163,32.30899
-100.06089,32.29849
-100.12299,32.3047
-100.14989,32.32503
-100.16069,32.3113
-100.09069,32.2968
-100.12705,32.30586
-100.13159,32.31319
-100.15177,32.30441
-100.10839,32.30549
-100.15589,32.3201
-100.08999,32.3057
-100.0958,32.3047
-100.10329,32.30549
-100.11849,32.30999
-100.14479,32.3122
-100.0939,32.31289
-100.11099,32.30549
-100.16299,32.31059
-100.14669,32.3043
-100.12032,32.30406
-100.15429,32.30359
-100.14879,32.3191
-101.58999,32.92489
-101.56239,32.9577
-101.58699,32.91439
-101.60009,32.9273
-101.58059,32.9007
-101.56939,32.94949
-101.59409,32.89539
-101.59239,32.95309
-101.57219,32.95989
-101.60009,32.8971
-101.593,32.91579
-101.61159,32.961
-101.59219,32.89479
-101.59699,32.91679
-101.56539,32.9484
-101.61179,32.9358
-101.59009,32.95279
-101.56599,32.95879
-101.54019,32.95379
-101.53819,32.92529
-101.61789,32.9371
-101.56399,32.95829
-101.53479,32.95319
-101.60089,32.90759
-101.5734,32.95055
-101.59499,32.90569
-101.57649,32.94069
-101.57429,32.95979
-101.56579,32.9152
-101.57849,32.94119
-101.60289,32.9082
-101.60229,32.93699
-101.58419,32.93269
-101.58619,32.89319
-101.59609,32.9264
-101.57039,32.9077
-101.58819,32.8937
-101.55839,32.93599
-101.59249,32.94489
-101.57849,32.95969
-101.56739,32.94899
-101.60839,32.9385
-101.55709,32.9231
-101.58089,32.9129
-101.57199,32.92979
-101.60309,32.91829
-101.58009,32.93169
-101.5678,32.91589
-101.54899,32.92099
-101.59689,32.95359
-101.55499,32.92259
-101.58449,32.9428
-101.57789,32.92199
-101.56039,32.93649
-101.59099,32.90479
-101.55239,32.95499
-101.58209,32.93219
-101.57179,32.92049
-101.55539,32.94569
-101.59809,32.92679
-101.56139,32.9474
-101.56389,32.91449
-101.56599,32.9283
-101.58899,32.91489
-101.58489,32.9139
-101.57639,32.95979
-101.593,32.90529
-101.57009,32.95989
-101.55739,32.94629
-101.58449,32.90189
-101.59689,32.90649
-101.58899,32.90419
-101.58789,32.9526
-101.58259,32.9013
-101.60439,32.93749
-101.58649,32.9433
-101.58619,32.93309
-101.57439,32.90889
-101.58289,32.9134
-101.57239,32.9083
-101.59449,32.94539
-101.59889,32.90699
-101.54519,32.92289
-101.59049,32.94439
-101.59739,32.961
-101.60209,32.89759
-101.57945,32.95216
-101.54839,32.9539
-101.59649,32.946
-101.57143,32.95001
-101.59979,32.961
-101.59399,32.9259
-101.57409,32.9302
-101.56639,32.9381
-101.60509,32.91869
-101.57989,32.92249
-101.54629,32.95369
-101.56799,32.9288
-101.58139,32.95269
-101.58699,32.9036
-101.61589,32.93659
-101.59809,32.8965
-101.55129,32.93679
-101.57809,32.93119
-101.60449,32.961
-101.60489,32.9087
-101.58349,32.95269
-101.58559,32.9526
-101.58189,32.92299
-101.56439,32.93749
-101.58419,32.89259
-101.60709,32.91919
-101.55909,32.9236
-101.58819,32.93359
-101.55339,32.94519
-101.60919,32.91969
-101.56849,32.90699
-101.58249,32.9423
-101.61399,32.961
-101.59849,32.9465
-101.58799,32.92439
-101.57439,32.94019
-101.55439,32.95559
-101.57829,32.9101
-101.56399,32.9278
-101.60409,32.9283
-101.57609,32.9307
-101.58849,32.94389
-101.56039,32.9572
-101.56999,32.9293
-101.60029,32.93649
-101.57389,32.92099
-101.59609,32.89599
-101.54429,32.9535
-101.56799,32.95939
-101.59499,32.91629
-101.58389,32.92349
-101.60689,32.961
-101.57239,32.93959
-101.56239,32.93699
-101.57589,32.92149
-101.56839,32.9386
-101.59429,32.93509
-101.57629,32.90949
-101.55839,32.9567
-101.60929,32.961
-101.59459,32.95329
-101.55639,32.95609
-101.57539,32.9511
-101.55639,32.93539
-101.55939,32.94679
-101.55099,32.92139
-101.5902,32.93409
-101.58599,32.92389
-101.58219,32.89209
-101.59829,32.93599
-101.59219,32.93459
-101.59629,32.93559
-101.61379,32.9362
-101.56979,32.92009
-101.53739,32.95219
-101.56109,32.9241
-101.60109,32.91779
-101.57039,32.9391
-101.56339,32.9479
-101.55039,32.95449
-101.60639,32.93799
-101.54219,32.9534
-101.59099,32.91539
-101.59909,32.91729
-101.59199,32.92539
-101.58049,32.9418
-101.60689,32.90929
-101.54149,32.92429
-101.60209,32.9278
-101.57745,32.95162
-101.55299,32.92199
-101.55139,32.9447
-101.5902,32.8943
-101.60219,32.961
-100.02927,31.11792
-100.0313,31.09982
-100.02508,31.15262
-100.03472,31.10172
-100.0332,31.11841
-100.02897,31.15187
-100.03296,31.15144
-99.98673,31.0904
-100.04118,31.13766
-99.96424,31.11319
-100.05794,31.09016
-99.98003,31.10761
-100.04864,31.12006
